{
  "eye": [
    -6.097142043081284,
    2.665037,
    18.754892
  ],
  "cubeHalfWidth": 5.35000142455101,
  "cubeHalfDepth": 34.849998474121094,
  "cubeHeight": 4.280001139640809,
  "tileCenter": [
    -6.249998956918716,
    0.75,
    0.0
  ],
  "originalEye": [
    -12.347141,
    3.415037,
    18.754892
  ],
  "paintUV": {
    "xMin": 0.13886000216007233,
    "xMax": 0.19235999882221222,
    "yMin": 0.06921999901533127,
    "yMax": 0.41771000623703003
  }
}